TRUNCATE tabela_requerimentos CASCADE;

INSERT INTO tabela_requerimentos (numero_requerimento, dados_json) VALUES
('PR2026001', '{"data_req": "01/01/2026", "uf": "PR", "municipio": "CURITIBA/PR", "interessado": "Prefeitura Municipal A", "processo_sei": "10480.002401/2026-66", "regime_requerido": "Cessão Onerosa"}'),
('DF2026002', '{"data_req": "02/01/2026", "uf": "DF", "municipio": "BRASÍLIA/DF", "interessado": "Universidade Federal B", "processo_sei": "10480.002402/2026-66", "regime_requerido": "Cessão Onerosa"}'),
('RJ2026003', '{"data_req": "03/01/2026", "uf": "RJ", "municipio": "NITERÓI/RJ", "interessado": "Marinha do Brasil C", "processo_sei": "10480.002403/2026-66", "regime_requerido": "Cessão Onerosa"}'),
('RJ2026004', '{"data_req": "04/01/2026", "uf": "RJ", "municipio": "NITERÓI/RJ", "interessado": "Associação de Moradores D", "processo_sei": "10480.002404/2026-66", "regime_requerido": "Cessão Onerosa"}'),
('PR2026005', '{"data_req": "05/01/2026", "uf": "PR", "municipio": "CURITIBA/PR", "interessado": "Prefeitura Municipal E", "processo_sei": "10480.002405/2026-66", "regime_requerido": "Cessão Onerosa"}'),
('PR2026006', '{"data_req": "06/01/2026", "uf": "PR", "municipio": "CURITIBA/PR", "interessado": "Universidade Federal F", "processo_sei": "10480.002406/2026-66", "regime_requerido": "Cessão Onerosa"}'),
('AM2026007', '{"data_req": "07/01/2026", "uf": "AM", "municipio": "MANAUS/AM", "interessado": "ONG Ambiental G", "processo_sei": "10480.002407/2026-66", "regime_requerido": "Cessão Onerosa"}'),
('SP2026008', '{"data_req": "08/01/2026", "uf": "SP", "municipio": "SANTOS/SP", "interessado": "Instituto de Pesquisa H", "processo_sei": "10480.002408/2026-66", "regime_requerido": "Cessão Onerosa"}'),
('RS2026009', '{"data_req": "09/01/2026", "uf": "RS", "municipio": "PORTO ALEGRE/RS", "interessado": "Governo do Estado I", "processo_sei": "10480.002409/2026-66", "regime_requerido": "Cessão Onerosa"}'),
('CE2026010', '{"data_req": "10/01/2026", "uf": "CE", "municipio": "FORTALEZA/CE", "interessado": "Universidade Federal J", "processo_sei": "10480.002410/2026-66", "regime_requerido": "Cessão Onerosa"}'),
('DF2026011', '{"data_req": "11/01/2026", "uf": "DF", "municipio": "BRASÍLIA/DF", "interessado": "Associação de Moradores K", "processo_sei": "10480.002411/2026-66", "regime_requerido": "Cessão Onerosa"}'),
('SP2026012', '{"data_req": "12/01/2026", "uf": "SP", "municipio": "SÃO PAULO/SP", "interessado": "Governo do Estado L", "processo_sei": "10480.002412/2026-66", "regime_requerido": "Cessão Onerosa"}'),
('MG2026013', '{"data_req": "13/01/2026", "uf": "MG", "municipio": "BELO HORIZONTE/MG", "interessado": "Prefeitura Municipal M", "processo_sei": "10480.002413/2026-66", "regime_requerido": "Cessão Onerosa"}'),
('DF2026014', '{"data_req": "14/01/2026", "uf": "DF", "municipio": "BRASÍLIA/DF", "interessado": "Governo do Estado N", "processo_sei": "10480.002414/2026-66", "regime_requerido": "Cessão Onerosa"}'),
('RS2026015', '{"data_req": "15/01/2026", "uf": "RS", "municipio": "PORTO ALEGRE/RS", "interessado": "Polícia Federal O", "processo_sei": "10480.002415/2026-66", "regime_requerido": "Cessão Onerosa"}'),
('DF2026016', '{"data_req": "16/01/2026", "uf": "DF", "municipio": "BRASÍLIA/DF", "interessado": "Prefeitura Municipal P", "processo_sei": "10480.002416/2026-66", "regime_requerido": "Cessão Onerosa"}'),
('DF2026017', '{"data_req": "17/01/2026", "uf": "DF", "municipio": "BRASÍLIA/DF", "interessado": "Associação de Moradores Q", "processo_sei": "10480.002417/2026-66", "regime_requerido": "Cessão Onerosa"}'),
('MG2026018', '{"data_req": "18/01/2026", "uf": "MG", "municipio": "BELO HORIZONTE/MG", "interessado": "Instituto de Pesquisa R", "processo_sei": "10480.002418/2026-66", "regime_requerido": "Cessão Onerosa"}'),
('PA2026019', '{"data_req": "19/01/2026", "uf": "PA", "municipio": "BELÉM/PA", "interessado": "Instituto de Pesquisa S", "processo_sei": "10480.002419/2026-66", "regime_requerido": "Cessão Onerosa"}'),
('SC2026020', '{"data_req": "20/01/2026", "uf": "SC", "municipio": "FLORIANÓPOLIS/SC", "interessado": "Associação de Moradores T", "processo_sei": "10480.002420/2026-66", "regime_requerido": "Cessão Onerosa"}');

INSERT INTO tabela_status_fluxo (numero_requerimento, dados_json) VALUES
('PR2026001', '{"checkpoint": "SPU/PR", "status_geral": "Aguardando Análise"}'),
('DF2026002', '{"checkpoint": "SPU/DF", "status_geral": "Aguardando Análise"}'),
('RJ2026003', '{"checkpoint": "SPU/RJ", "status_geral": "Aguardando Análise"}'),
('RJ2026004', '{"checkpoint": "SPU/RJ", "status_geral": "Aguardando Análise"}'),
('PR2026005', '{"checkpoint": "SPU/PR", "status_geral": "Aguardando Análise"}'),
('PR2026006', '{"checkpoint": "SPU/PR", "status_geral": "Aguardando Análise"}'),
('AM2026007', '{"checkpoint": "SPU/AM", "status_geral": "Aguardando Análise"}'),
('SP2026008', '{"checkpoint": "SPU/SP", "status_geral": "Aguardando Análise"}'),
('RS2026009', '{"checkpoint": "SPU/RS", "status_geral": "Aguardando Análise"}'),
('CE2026010', '{"checkpoint": "SPU/CE", "status_geral": "Aguardando Análise"}'),
('DF2026011', '{"checkpoint": "SPU/DF", "status_geral": "Aguardando Análise"}'),
('SP2026012', '{"checkpoint": "SPU/SP", "status_geral": "Aguardando Análise"}'),
('MG2026013', '{"checkpoint": "SPU/MG", "status_geral": "Aguardando Análise"}'),
('DF2026014', '{"checkpoint": "SPU/DF", "status_geral": "Aguardando Análise"}'),
('RS2026015', '{"checkpoint": "SPU/RS", "status_geral": "Aguardando Análise"}'),
('DF2026016', '{"checkpoint": "SPU/DF", "status_geral": "Aguardando Análise"}'),
('DF2026017', '{"checkpoint": "SPU/DF", "status_geral": "Aguardando Análise"}'),
('MG2026018', '{"checkpoint": "SPU/MG", "status_geral": "Aguardando Análise"}'),
('PA2026019', '{"checkpoint": "SPU/PA", "status_geral": "Aguardando Análise"}'),
('SC2026020', '{"checkpoint": "SPU/SC", "status_geral": "Aguardando Análise"}');

INSERT INTO tabela_atribuicao (numero_requerimento, dados_json) VALUES
('PR2026001', '{"atribuido_para": "Não atribuído"}'),
('DF2026002', '{"atribuido_para": "Não atribuído"}'),
('RJ2026003', '{"atribuido_para": "Não atribuído"}'),
('RJ2026004', '{"atribuido_para": "Não atribuído"}'),
('PR2026005', '{"atribuido_para": "Não atribuído"}'),
('PR2026006', '{"atribuido_para": "Não atribuído"}'),
('AM2026007', '{"atribuido_para": "Não atribuído"}'),
('SP2026008', '{"atribuido_para": "Não atribuído"}'),
('RS2026009', '{"atribuido_para": "Não atribuído"}'),
('CE2026010', '{"atribuido_para": "Não atribuído"}'),
('DF2026011', '{"atribuido_para": "Não atribuído"}'),
('SP2026012', '{"atribuido_para": "Não atribuído"}'),
('MG2026013', '{"atribuido_para": "Não atribuído"}'),
('DF2026014', '{"atribuido_para": "Não atribuído"}'),
('RS2026015', '{"atribuido_para": "Não atribuído"}'),
('DF2026016', '{"atribuido_para": "Não atribuído"}'),
('DF2026017', '{"atribuido_para": "Não atribuído"}'),
('MG2026018', '{"atribuido_para": "Não atribuído"}'),
('PA2026019', '{"atribuido_para": "Não atribuído"}'),
('SC2026020', '{"atribuido_para": "Não atribuído"}');
